"","learner","model_auc","model_ce"
"1","classif.randomForest",0.749193548387097,0.332620320855615
"2","classif.randomForest",0.754807692307692,0.332620320855615
"3","classif.randomForest",0.761549925484352,0.332620320855615
"4","classif.randomForest",0.786764705882353,0.332620320855615
"5","classif.randomForest",0.789120715350224,0.332620320855615
"6","classif.randomForest",0.762786596119929,0.332620320855615
"7","classif.randomForest",0.677955665024631,0.332620320855615
"8","classif.randomForest",0.927689594356261,0.332620320855615
"9","classif.randomForest",0.812096774193548,0.332620320855615
"10","classif.randomForest",0.80791788856305,0.332620320855615
"11","classif.randomForest",0.822459893048128,0.332620320855615
"12","classif.randomForest",0.82421875,0.332620320855615
"13","classif.randomForest",0.672527472527473,0.332620320855615
"14","classif.randomForest",0.871065375302663,0.332620320855615
"15","classif.randomForest",0.763194444444444,0.332620320855615
"16","classif.randomForest",0.725749559082892,0.332620320855615
"17","classif.randomForest",0.819444444444444,0.332620320855615
"18","classif.randomForest",0.711864406779661,0.332620320855615
"19","classif.randomForest",0.6982421875,0.332620320855615
"20","classif.randomForest",0.725694444444444,0.332620320855615
"21","classif.randomForest",0.730938416422287,0.332620320855615
"22","classif.randomForest",0.819354838709677,0.332620320855615
"23","classif.randomForest",0.781616688396349,0.332620320855615
"24","classif.randomForest",0.771838331160365,0.332620320855615
"25","classif.randomForest",0.771982116244411,0.332620320855615
"26","classif.randomForest",0.837903225806452,0.332620320855615
"27","classif.randomForest",0.838114754098361,0.332620320855615
"28","classif.randomForest",0.633333333333333,0.332620320855615
"29","classif.randomForest",0.781305114638448,0.332620320855615
"30","classif.randomForest",0.684798807749627,0.332620320855615
"31","classif.randomForest",0.731527093596059,0.332620320855615
"32","classif.randomForest",0.768131868131868,0.332620320855615
"33","classif.randomForest",0.769125683060109,0.332620320855615
"34","classif.randomForest",0.8,0.332620320855615
"35","classif.randomForest",0.771838331160365,0.332620320855615
"36","classif.randomForest",0.851923076923077,0.332620320855615
"37","classif.randomForest",0.726392251815981,0.332620320855615
"38","classif.randomForest",0.823232323232323,0.332620320855615
"39","classif.randomForest",0.712280701754386,0.332620320855615
"40","classif.randomForest",0.755588673621461,0.332620320855615
"41","classif.randomForest",0.807040417209909,0.332620320855615
"42","classif.randomForest",0.684027777777778,0.332620320855615
"43","classif.randomForest",0.738709677419355,0.332620320855615
"44","classif.randomForest",0.756598240469208,0.332620320855615
"45","classif.randomForest",0.792929292929293,0.332620320855615
"46","classif.randomForest",0.746794871794872,0.332620320855615
"47","classif.randomForest",0.728142076502732,0.332620320855615
"48","classif.randomForest",0.780923994038748,0.332620320855615
"49","classif.randomForest",0.876953125,0.332620320855615
"50","classif.randomForest",0.70935960591133,0.332620320855615
"51","classif.randomForest",0.763461538461538,0.332620320855615
"52","classif.randomForest",0.699193548387097,0.332620320855615
"53","classif.randomForest",0.778357235984355,0.332620320855615
"54","classif.randomForest",0.87258064516129,0.332620320855615
"55","classif.randomForest",0.741129032258064,0.332620320855615
"56","classif.randomForest",0.701388888888889,0.332620320855615
"57","classif.randomForest",0.704600484261501,0.332620320855615
"58","classif.randomForest",0.84375,0.332620320855615
"59","classif.randomForest",0.804166666666667,0.332620320855615
"60","classif.randomForest",0.769444444444444,0.332620320855615
"61","classif.randomForest",0.814174107142857,0.332620320855615
"62","classif.randomForest",0.707627118644068,0.332620320855615
"63","classif.randomForest",0.834215167548501,0.332620320855615
"64","classif.randomForest",0.74609375,0.332620320855615
"65","classif.randomForest",0.816935483870968,0.332620320855615
"66","classif.randomForest",0.883870967741936,0.332620320855615
"67","classif.randomForest",0.731743666169896,0.332620320855615
"68","classif.randomForest",0.705555555555556,0.332620320855615
"69","classif.randomForest",0.8125,0.332620320855615
"70","classif.randomForest",0.73968253968254,0.332620320855615
"71","classif.randomForest",0.700136612021858,0.332620320855615
"72","classif.randomForest",0.738805970149254,0.332620320855615
"73","classif.randomForest",0.853949329359165,0.332620320855615
"74","classif.randomForest",0.709027777777778,0.332620320855615
"75","classif.randomForest",0.829805996472663,0.332620320855615
"76","classif.randomForest",0.808996088657106,0.332620320855615
"77","classif.randomForest",0.776612903225806,0.332620320855615
"78","classif.randomForest",0.693567251461988,0.332620320855615
"79","classif.randomForest",0.765873015873016,0.332620320855615
"80","classif.randomForest",0.739583333333333,0.332620320855615
"81","classif.randomForest",0.8251953125,0.332620320855615
"82","classif.randomForest",0.842894393741851,0.332620320855615
"83","classif.randomForest",0.738387978142076,0.332620320855615
"84","classif.randomForest",0.750806451612903,0.332620320855615
"85","classif.randomForest",0.730911330049261,0.332620320855615
"86","classif.randomForest",0.672916666666667,0.332620320855615
"87","classif.randomForest",0.731944444444444,0.332620320855615
"88","classif.randomForest",0.799751243781095,0.332620320855615
"89","classif.randomForest",0.815079365079365,0.332620320855615
"90","classif.randomForest",0.762059973924381,0.332620320855615
"91","classif.randomForest",0.736636245110821,0.332620320855615
"92","classif.randomForest",0.775824175824176,0.332620320855615
"93","classif.randomForest",0.722873900293255,0.332620320855615
"94","classif.randomForest",0.774630541871921,0.332620320855615
"95","classif.randomForest",0.862637362637363,0.332620320855615
"96","classif.randomForest",0.697214076246334,0.332620320855615
"97","classif.randomForest",0.801587301587302,0.332620320855615
"98","classif.randomForest",0.847442680776014,0.332620320855615
"99","classif.randomForest",0.781378600823045,0.332620320855615
"100","classif.randomForest",0.769061583577713,0.332620320855615
"101","classif.mlp",0.35,0.332620320855615
"102","classif.mlp",0.765625,0.332620320855615
"103","classif.mlp",0.360655737704918,0.332620320855615
"104","classif.mlp",0.797076023391813,0.332620320855615
"105","classif.mlp",0.7392578125,0.332620320855615
"106","classif.mlp",0.456011730205279,0.332620320855615
"107","classif.mlp",0.366666666666667,0.332620320855615
"108","classif.mlp",0.681746031746032,0.332620320855615
"109","classif.mlp",0.77509778357236,0.332620320855615
"110","classif.mlp",0.428571428571429,0.332620320855615
"111","classif.mlp",0.274962742175857,0.332620320855615
"112","classif.mlp",0.590828924162258,0.332620320855615
"113","classif.mlp",0.497512437810945,0.332620320855615
"114","classif.mlp",0.663157894736842,0.332620320855615
"115","classif.mlp",0.752232142857143,0.332620320855615
"116","classif.mlp",0.788095238095238,0.332620320855615
"117","classif.mlp",0.41358024691358,0.332620320855615
"118","classif.mlp",0.65625,0.332620320855615
"119","classif.mlp",0.664942528735632,0.332620320855615
"120","classif.mlp",0.648286140089419,0.332620320855615
"121","classif.mlp",0.621700879765396,0.332620320855615
"122","classif.mlp",0.723598435462842,0.332620320855615
"123","classif.mlp",0.527336860670194,0.332620320855615
"124","classif.mlp",0.814211212516297,0.332620320855615
"125","classif.mlp",0.731451612903226,0.332620320855615
"126","classif.mlp",0.700879765395894,0.332620320855615
"127","classif.mlp",0.614516129032258,0.332620320855615
"128","classif.mlp",0.387096774193548,0.332620320855615
"129","classif.mlp",0.637978142076503,0.332620320855615
"130","classif.mlp",0.655737704918033,0.332620320855615
"131","classif.mlp",0.674603174603175,0.332620320855615
"132","classif.mlp",0.4794921875,0.332620320855615
"133","classif.mlp",0.685960591133005,0.332620320855615
"134","classif.mlp",0.70952380952381,0.332620320855615
"135","classif.mlp",0.745689655172414,0.332620320855615
"136","classif.mlp",0.676602086438152,0.332620320855615
"137","classif.mlp",0.737213403880071,0.332620320855615
"138","classif.mlp",0.381964809384164,0.332620320855615
"139","classif.mlp",0.726527570789866,0.332620320855615
"140","classif.mlp",0.751388888888889,0.332620320855615
"141","classif.mlp",0.449305555555556,0.332620320855615
"142","classif.mlp",0.787903225806452,0.332620320855615
"143","classif.mlp",0.608465608465608,0.332620320855615
"144","classif.mlp",0.359649122807018,0.332620320855615
"145","classif.mlp",0.642741935483871,0.332620320855615
"146","classif.mlp",0.665983606557377,0.332620320855615
"147","classif.mlp",0.591666666666667,0.332620320855615
"148","classif.mlp",0.689207650273224,0.332620320855615
"149","classif.mlp",0.63671875,0.332620320855615
"150","classif.mlp",0.770723104056437,0.332620320855615
"151","classif.mlp",0.766414141414141,0.332620320855615
"152","classif.mlp",0.70193740685544,0.332620320855615
"153","classif.mlp",0.438616071428571,0.332620320855615
"154","classif.mlp",0.615384615384615,0.332620320855615
"155","classif.mlp",0.824143070044709,0.332620320855615
"156","classif.mlp",0.814814814814815,0.332620320855615
"157","classif.mlp",0.727678571428571,0.332620320855615
"158","classif.mlp",0.651331719128329,0.332620320855615
"159","classif.mlp",0.636363636363636,0.332620320855615
"160","classif.mlp",0.626373626373626,0.332620320855615
"161","classif.mlp",0.34375,0.332620320855615
"162","classif.mlp",0.541935483870968,0.332620320855615
"163","classif.mlp",0.669334975369458,0.332620320855615
"164","classif.mlp",0.313559322033898,0.332620320855615
"165","classif.mlp",0.273607748184019,0.332620320855615
"166","classif.mlp",0.647540983606557,0.332620320855615
"167","classif.mlp",0.6748046875,0.332620320855615
"168","classif.mlp",0.558333333333333,0.332620320855615
"169","classif.mlp",0.651612903225806,0.332620320855615
"170","classif.mlp",0.657118055555556,0.332620320855615
"171","classif.mlp",0.491666666666667,0.332620320855615
"172","classif.mlp",0.500615763546798,0.332620320855615
"173","classif.mlp",0.75,0.332620320855615
"174","classif.mlp",0.333333333333333,0.332620320855615
"175","classif.mlp",0.709256844850065,0.332620320855615
"176","classif.mlp",0.763736263736264,0.332620320855615
"177","classif.mlp",0.840938722294654,0.332620320855615
"178","classif.mlp",0.333333333333333,0.332620320855615
"179","classif.mlp",0.761538461538461,0.332620320855615
"180","classif.mlp",0.36217008797654,0.332620320855615
"181","classif.mlp",0.499254843517139,0.332620320855615
"182","classif.mlp",0.649305555555556,0.332620320855615
"183","classif.mlp",0.742486338797814,0.332620320855615
"184","classif.mlp",0.608870967741935,0.332620320855615
"185","classif.mlp",0.693548387096774,0.332620320855615
"186","classif.mlp",0.690058479532164,0.332620320855615
"187","classif.mlp",0.592361111111111,0.332620320855615
"188","classif.mlp",0.770634920634921,0.332620320855615
"189","classif.mlp",0.418032786885246,0.332620320855615
"190","classif.mlp",0.770562770562771,0.332620320855615
"191","classif.mlp",0.750877192982456,0.332620320855615
"192","classif.mlp",0.74931693989071,0.332620320855615
"193","classif.mlp",0.727472527472527,0.332620320855615
"194","classif.mlp",0.776923076923077,0.332620320855615
"195","classif.mlp",0.730117340286832,0.332620320855615
"196","classif.mlp",0.72741935483871,0.332620320855615
"197","classif.mlp",0.613218390804598,0.332620320855615
"198","classif.mlp",0.356060606060606,0.332620320855615
"199","classif.mlp",0.258064516129032,0.332620320855615
"200","classif.mlp",0.610221674876847,0.332620320855615
"201","classif.naiveBayes",0.640625,0.332620320855615
"202","classif.naiveBayes",0.758064516129032,0.332620320855615
"203","classif.naiveBayes",0.708333333333333,0.332620320855615
"204","classif.naiveBayes",0.72741935483871,0.332620320855615
"205","classif.naiveBayes",0.731922398589065,0.332620320855615
"206","classif.naiveBayes",0.797222222222222,0.332620320855615
"207","classif.naiveBayes",0.797126436781609,0.332620320855615
"208","classif.naiveBayes",0.559677419354839,0.332620320855615
"209","classif.naiveBayes",0.737723214285714,0.332620320855615
"210","classif.naiveBayes",0.535483870967742,0.332620320855615
"211","classif.naiveBayes",0.826388888888889,0.332620320855615
"212","classif.naiveBayes",0.664583333333333,0.332620320855615
"213","classif.naiveBayes",0.77734375,0.332620320855615
"214","classif.naiveBayes",0.368965517241379,0.332620320855615
"215","classif.naiveBayes",0.728142076502732,0.332620320855615
"216","classif.naiveBayes",0.656084656084656,0.332620320855615
"217","classif.naiveBayes",0.681034482758621,0.332620320855615
"218","classif.naiveBayes",0.796610169491525,0.332620320855615
"219","classif.naiveBayes",0.747252747252747,0.332620320855615
"220","classif.naiveBayes",0.923076923076923,0.332620320855615
"221","classif.naiveBayes",0.811576354679803,0.332620320855615
"222","classif.naiveBayes",0.600641025641026,0.332620320855615
"223","classif.naiveBayes",0.640322580645161,0.332620320855615
"224","classif.naiveBayes",0.802734375,0.332620320855615
"225","classif.naiveBayes",0.791935483870968,0.332620320855615
"226","classif.naiveBayes",0.804432855280313,0.332620320855615
"227","classif.naiveBayes",0.745161290322581,0.332620320855615
"228","classif.naiveBayes",0.843283582089552,0.332620320855615
"229","classif.naiveBayes",0.808730158730159,0.332620320855615
"230","classif.naiveBayes",0.7109375,0.332620320855615
"231","classif.naiveBayes",0.594827586206897,0.332620320855615
"232","classif.naiveBayes",0.755555555555556,0.332620320855615
"233","classif.naiveBayes",0.702884615384615,0.332620320855615
"234","classif.naiveBayes",0.66031746031746,0.332620320855615
"235","classif.naiveBayes",0.770833333333333,0.332620320855615
"236","classif.naiveBayes",0.797991071428571,0.332620320855615
"237","classif.naiveBayes",0.852747252747253,0.332620320855615
"238","classif.naiveBayes",0.777093596059113,0.332620320855615
"239","classif.naiveBayes",0.549253731343284,0.332620320855615
"240","classif.naiveBayes",0.586805555555556,0.332620320855615
"241","classif.naiveBayes",0.662903225806452,0.332620320855615
"242","classif.naiveBayes",0.812348668280872,0.332620320855615
"243","classif.naiveBayes",0.727272727272727,0.332620320855615
"244","classif.naiveBayes",0.71833084947839,0.332620320855615
"245","classif.naiveBayes",0.853225806451613,0.332620320855615
"246","classif.naiveBayes",0.76043956043956,0.332620320855615
"247","classif.naiveBayes",0.75672514619883,0.332620320855615
"248","classif.naiveBayes",0.564828614008942,0.332620320855615
"249","classif.naiveBayes",0.806593406593407,0.332620320855615
"250","classif.naiveBayes",0.76634382566586,0.332620320855615
"251","classif.naiveBayes",0.676662320730117,0.332620320855615
"252","classif.naiveBayes",0.755555555555556,0.332620320855615
"253","classif.naiveBayes",0.829861111111111,0.332620320855615
"254","classif.naiveBayes",0.71484375,0.332620320855615
"255","classif.naiveBayes",0.790277777777778,0.332620320855615
"256","classif.naiveBayes",0.734920634920635,0.332620320855615
"257","classif.naiveBayes",0.789865871833085,0.332620320855615
"258","classif.naiveBayes",0.653958944281525,0.332620320855615
"259","classif.naiveBayes",0.816964285714286,0.332620320855615
"260","classif.naiveBayes",0.7109375,0.332620320855615
"261","classif.naiveBayes",0.755555555555556,0.332620320855615
"262","classif.naiveBayes",0.688396349413299,0.332620320855615
"263","classif.naiveBayes",0.823076923076923,0.332620320855615
"264","classif.naiveBayes",0.696969696969697,0.332620320855615
"265","classif.naiveBayes",0.674725274725275,0.332620320855615
"266","classif.naiveBayes",0.675806451612903,0.332620320855615
"267","classif.naiveBayes",0.767511177347243,0.332620320855615
"268","classif.naiveBayes",0.83015873015873,0.332620320855615
"269","classif.naiveBayes",0.683333333333333,0.332620320855615
"270","classif.naiveBayes",0.61489898989899,0.332620320855615
"271","classif.naiveBayes",0.848387096774194,0.332620320855615
"272","classif.naiveBayes",0.861290322580645,0.332620320855615
"273","classif.naiveBayes",0.803482587064677,0.332620320855615
"274","classif.naiveBayes",0.564039408866995,0.332620320855615
"275","classif.naiveBayes",0.530638852672751,0.332620320855615
"276","classif.naiveBayes",0.771982116244411,0.332620320855615
"277","classif.naiveBayes",0.779166666666667,0.332620320855615
"278","classif.naiveBayes",0.8841642228739,0.332620320855615
"279","classif.naiveBayes",0.721311475409836,0.332620320855615
"280","classif.naiveBayes",0.660208643815201,0.332620320855615
"281","classif.naiveBayes",0.58203125,0.332620320855615
"282","classif.naiveBayes",0.599105812220566,0.332620320855615
"283","classif.naiveBayes",0.746794871794872,0.332620320855615
"284","classif.naiveBayes",0.778021978021978,0.332620320855615
"285","classif.naiveBayes",0.804187192118227,0.332620320855615
"286","classif.naiveBayes",0.749425287356322,0.332620320855615
"287","classif.naiveBayes",0.758333333333333,0.332620320855615
"288","classif.naiveBayes",0.812903225806452,0.332620320855615
"289","classif.naiveBayes",0.65625,0.332620320855615
"290","classif.naiveBayes",0.713114754098361,0.332620320855615
"291","classif.naiveBayes",0.768472906403941,0.332620320855615
"292","classif.naiveBayes",0.777943368107303,0.332620320855615
"293","classif.naiveBayes",0.725108225108225,0.332620320855615
"294","classif.naiveBayes",0.764516129032258,0.332620320855615
"295","classif.naiveBayes",0.682352941176471,0.332620320855615
"296","classif.naiveBayes",0.857142857142857,0.332620320855615
"297","classif.naiveBayes",0.657228017883756,0.332620320855615
"298","classif.naiveBayes",0.661330049261084,0.332620320855615
"299","classif.naiveBayes",0.71484375,0.332620320855615
"300","classif.naiveBayes",0.75366568914956,0.332620320855615
"301","classif.nnet",0.765432098765432,0.332620320855615
"302","classif.nnet",0.73125,0.332620320855615
"303","classif.nnet",0.584126984126984,0.332620320855615
"304","classif.nnet",0.65,0.332620320855615
"305","classif.nnet",0.765151515151515,0.332620320855615
"306","classif.nnet",0.748883928571429,0.332620320855615
"307","classif.nnet",0.6796875,0.332620320855615
"308","classif.nnet",0.550961538461539,0.332620320855615
"309","classif.nnet",0.895678092399404,0.332620320855615
"310","classif.nnet",0.621584699453552,0.332620320855615
"311","classif.nnet",0.837362637362637,0.332620320855615
"312","classif.nnet",0.670640834575261,0.332620320855615
"313","classif.nnet",0.65234375,0.332620320855615
"314","classif.nnet",0.672916666666667,0.332620320855615
"315","classif.nnet",0.658974358974359,0.332620320855615
"316","classif.nnet",0.76080476900149,0.332620320855615
"317","classif.nnet",0.5,0.332620320855615
"318","classif.nnet",0.593220338983051,0.332620320855615
"319","classif.nnet",0.777901785714286,0.332620320855615
"320","classif.nnet",0.686147186147186,0.332620320855615
"321","classif.nnet",0.602197802197802,0.332620320855615
"322","classif.nnet",0.677469135802469,0.332620320855615
"323","classif.nnet",0.772727272727273,0.332620320855615
"324","classif.nnet",0.867741935483871,0.332620320855615
"325","classif.nnet",0.720192307692308,0.332620320855615
"326","classif.nnet",0.696480938416422,0.332620320855615
"327","classif.nnet",0.798029556650246,0.332620320855615
"328","classif.nnet",0.65625,0.332620320855615
"329","classif.nnet",0.744140625,0.332620320855615
"330","classif.nnet",0.786813186813187,0.332620320855615
"331","classif.nnet",0.734567901234568,0.332620320855615
"332","classif.nnet",0.646825396825397,0.332620320855615
"333","classif.nnet",0.817436661698957,0.332620320855615
"334","classif.nnet",0.7890625,0.332620320855615
"335","classif.nnet",0.713859910581222,0.332620320855615
"336","classif.nnet",0.627083333333333,0.332620320855615
"337","classif.nnet",0.704861111111111,0.332620320855615
"338","classif.nnet",0.743055555555556,0.332620320855615
"339","classif.nnet",0.690270935960591,0.332620320855615
"340","classif.nnet",0.7409200968523,0.332620320855615
"341","classif.nnet",0.655555555555556,0.332620320855615
"342","classif.nnet",0.75,0.332620320855615
"343","classif.nnet",0.820078226857888,0.332620320855615
"344","classif.nnet",0.66120218579235,0.332620320855615
"345","classif.nnet",0.723090277777778,0.332620320855615
"346","classif.nnet",0.824305555555556,0.332620320855615
"347","classif.nnet",0.670967741935484,0.332620320855615
"348","classif.nnet",0.727216748768473,0.332620320855615
"349","classif.nnet",0.587096774193548,0.332620320855615
"350","classif.nnet",0.681640625,0.332620320855615
"351","classif.nnet",0.383582089552239,0.332620320855615
"352","classif.nnet",0.79375,0.332620320855615
"353","classif.nnet",0.695977011494253,0.332620320855615
"354","classif.nnet",0.796717171717172,0.332620320855615
"355","classif.nnet",0.665300546448087,0.332620320855615
"356","classif.nnet",0.589960886571056,0.332620320855615
"357","classif.nnet",0.673160173160173,0.332620320855615
"358","classif.nnet",0.7890625,0.332620320855615
"359","classif.nnet",0.656084656084656,0.332620320855615
"360","classif.nnet",0.696491228070175,0.332620320855615
"361","classif.nnet",0.722916666666667,0.332620320855615
"362","classif.nnet",0.717741935483871,0.332620320855615
"363","classif.nnet",0.71957671957672,0.332620320855615
"364","classif.nnet",0.709677419354839,0.332620320855615
"365","classif.nnet",0.751953125,0.332620320855615
"366","classif.nnet",0.61177347242921,0.332620320855615
"367","classif.nnet",0.757575757575758,0.332620320855615
"368","classif.nnet",0.610745614035088,0.332620320855615
"369","classif.nnet",0.729508196721312,0.332620320855615
"370","classif.nnet",0.772478070175439,0.332620320855615
"371","classif.nnet",0.704166666666667,0.332620320855615
"372","classif.nnet",0.703463203463203,0.332620320855615
"373","classif.nnet",0.720161290322581,0.332620320855615
"374","classif.nnet",0.62109375,0.332620320855615
"375","classif.nnet",0.676984126984127,0.332620320855615
"376","classif.nnet",0.7861328125,0.332620320855615
"377","classif.nnet",0.823383084577114,0.332620320855615
"378","classif.nnet",0.801954732510288,0.332620320855615
"379","classif.nnet",0.674853801169591,0.332620320855615
"380","classif.nnet",0.563616071428571,0.332620320855615
"381","classif.nnet",0.611111111111111,0.332620320855615
"382","classif.nnet",0.621693121693122,0.332620320855615
"383","classif.nnet",0.59347442680776,0.332620320855615
"384","classif.nnet",0.747115384615385,0.332620320855615
"385","classif.nnet",0.773015873015873,0.332620320855615
"386","classif.nnet",0.694485842026826,0.332620320855615
"387","classif.nnet",0.703296703296703,0.332620320855615
"388","classif.nnet",0.823611111111111,0.332620320855615
"389","classif.nnet",0.5,0.332620320855615
"390","classif.nnet",0.623181818181818,0.332620320855615
"391","classif.nnet",0.791666666666667,0.332620320855615
"392","classif.nnet",0.736263736263736,0.332620320855615
"393","classif.nnet",0.8359375,0.332620320855615
"394","classif.nnet",0.675641025641026,0.332620320855615
"395","classif.nnet",0.848076923076923,0.332620320855615
"396","classif.nnet",0.761022927689594,0.332620320855615
"397","classif.nnet",0.64993481095176,0.332620320855615
"398","classif.nnet",0.580049261083744,0.332620320855615
"399","classif.nnet",0.800298062593145,0.332620320855615
"400","classif.nnet",0.7265625,0.332620320855615
"401","classif.svm",0.542857142857143,0.332620320855615
"402","classif.svm",0.85024154589372,0.332620320855615
"403","classif.svm",0.692493946731235,0.332620320855615
"404","classif.svm",0.698245614035088,0.332620320855615
"405","classif.svm",0.574507389162562,0.332620320855615
"406","classif.svm",0.658333333333333,0.332620320855615
"407","classif.svm",0.375621890547264,0.332620320855615
"408","classif.svm",0.658203125,0.332620320855615
"409","classif.svm",0.641935483870968,0.332620320855615
"410","classif.svm",0.468106995884774,0.332620320855615
"411","classif.svm",0.788709677419355,0.332620320855615
"412","classif.svm",0.416666666666667,0.332620320855615
"413","classif.svm",0.541520467836257,0.332620320855615
"414","classif.svm",0.537109375,0.332620320855615
"415","classif.svm",0.754022988505747,0.332620320855615
"416","classif.svm",0.488077496274218,0.332620320855615
"417","classif.svm",0.482758620689655,0.332620320855615
"418","classif.svm",0.758800521512386,0.332620320855615
"419","classif.svm",0.536764705882353,0.332620320855615
"420","classif.svm",0.654838709677419,0.332620320855615
"421","classif.svm",0.531578947368421,0.332620320855615
"422","classif.svm",0.56031746031746,0.332620320855615
"423","classif.svm",0.482142857142857,0.332620320855615
"424","classif.svm",0.765151515151515,0.332620320855615
"425","classif.svm",0.846774193548387,0.332620320855615
"426","classif.svm",0.529061102831595,0.332620320855615
"427","classif.svm",0.494134897360704,0.332620320855615
"428","classif.svm",0.621700879765396,0.332620320855615
"429","classif.svm",0.683497536945813,0.332620320855615
"430","classif.svm",0.77020202020202,0.332620320855615
"431","classif.svm",0.626953125,0.332620320855615
"432","classif.svm",0.736263736263736,0.332620320855615
"433","classif.svm",0.587183308494784,0.332620320855615
"434","classif.svm",0.666871921182266,0.332620320855615
"435","classif.svm",0.713114754098361,0.332620320855615
"436","classif.svm",0.499348109517601,0.332620320855615
"437","classif.svm",0.670194003527337,0.332620320855615
"438","classif.svm",0.454831932773109,0.332620320855615
"439","classif.svm",0.692708333333333,0.332620320855615
"440","classif.svm",0.67258064516129,0.332620320855615
"441","classif.svm",0.572413793103448,0.332620320855615
"442","classif.svm",0.855902777777778,0.332620320855615
"443","classif.svm",0.576388888888889,0.332620320855615
"444","classif.svm",0.541446208112875,0.332620320855615
"445","classif.svm",0.649560117302053,0.332620320855615
"446","classif.svm",0.526080476900149,0.332620320855615
"447","classif.svm",0.541666666666667,0.332620320855615
"448","classif.svm",0.664285714285714,0.332620320855615
"449","classif.svm",0.527777777777778,0.332620320855615
"450","classif.svm",0.549925484351714,0.332620320855615
"451","classif.svm",0.522222222222222,0.332620320855615
"452","classif.svm",0.432967032967033,0.332620320855615
"453","classif.svm",0.729064039408867,0.332620320855615
"454","classif.svm",0.439882697947214,0.332620320855615
"455","classif.svm",0.367741935483871,0.332620320855615
"456","classif.svm",0.614516129032258,0.332620320855615
"457","classif.svm",0.638014527845036,0.332620320855615
"458","classif.svm",0.597916666666667,0.332620320855615
"459","classif.svm",0.590277777777778,0.332620320855615
"460","classif.svm",0.745192307692308,0.332620320855615
"461","classif.svm",0.482758620689655,0.332620320855615
"462","classif.svm",0.555769230769231,0.332620320855615
"463","classif.svm",0.569354838709677,0.332620320855615
"464","classif.svm",0.618312757201646,0.332620320855615
"465","classif.svm",0.63423645320197,0.332620320855615
"466","classif.svm",0.530864197530864,0.332620320855615
"467","classif.svm",0.579411764705882,0.332620320855615
"468","classif.svm",0.631892697466468,0.332620320855615
"469","classif.svm",0.524590163934426,0.332620320855615
"470","classif.svm",0.698412698412698,0.332620320855615
"471","classif.svm",0.525423728813559,0.332620320855615
"472","classif.svm",0.722222222222222,0.332620320855615
"473","classif.svm",0.721311475409836,0.332620320855615
"474","classif.svm",0.608870967741935,0.332620320855615
"475","classif.svm",0.638888888888889,0.332620320855615
"476","classif.svm",0.420758928571429,0.332620320855615
"477","classif.svm",0.386111111111111,0.332620320855615
"478","classif.svm",0.818181818181818,0.332620320855615
"479","classif.svm",0.463736263736264,0.332620320855615
"480","classif.svm",0.493055555555556,0.332620320855615
"481","classif.svm",0.564537157757497,0.332620320855615
"482","classif.svm",0.543402777777778,0.332620320855615
"483","classif.svm",0.816176470588235,0.332620320855615
"484","classif.svm",0.609722222222222,0.332620320855615
"485","classif.svm",0.599726775956284,0.332620320855615
"486","classif.svm",0.470938897168405,0.332620320855615
"487","classif.svm",0.538888888888889,0.332620320855615
"488","classif.svm",0.370218579234973,0.332620320855615
"489","classif.svm",0.769444444444444,0.332620320855615
"490","classif.svm",0.586701434159061,0.332620320855615
"491","classif.svm",0.724292101341282,0.332620320855615
"492","classif.svm",0.685543964232489,0.332620320855615
"493","classif.svm",0.40026075619296,0.332620320855615
"494","classif.svm",0.767676767676768,0.332620320855615
"495","classif.svm",0.426339285714286,0.332620320855615
"496","classif.svm",0.590579710144927,0.332620320855615
"497","classif.svm",0.779365079365079,0.332620320855615
"498","classif.svm",0.558018252933507,0.332620320855615
"499","classif.svm",0.52741935483871,0.332620320855615
"500","classif.svm",0.467105263157895,0.332620320855615
"501","classif.multinom",0.681877444589309,0.332620320855615
"502","classif.multinom",0.697916666666667,0.332620320855615
"503","classif.multinom",0.752941176470588,0.332620320855615
"504","classif.multinom",0.793589743589744,0.332620320855615
"505","classif.multinom",0.913888888888889,0.332620320855615
"506","classif.multinom",0.73224043715847,0.332620320855615
"507","classif.multinom",0.82010582010582,0.332620320855615
"508","classif.multinom",0.68694885361552,0.332620320855615
"509","classif.multinom",0.802197802197802,0.332620320855615
"510","classif.multinom",0.805996472663139,0.332620320855615
"511","classif.multinom",0.760059612518629,0.332620320855615
"512","classif.multinom",0.793055555555556,0.332620320855615
"513","classif.multinom",0.611111111111111,0.332620320855615
"514","classif.multinom",0.819354838709677,0.332620320855615
"515","classif.multinom",0.754385964912281,0.332620320855615
"516","classif.multinom",0.872434017595308,0.332620320855615
"517","classif.multinom",0.748263888888889,0.332620320855615
"518","classif.multinom",0.79375,0.332620320855615
"519","classif.multinom",0.772727272727273,0.332620320855615
"520","classif.multinom",0.769882659713168,0.332620320855615
"521","classif.multinom",0.66015625,0.332620320855615
"522","classif.multinom",0.793067226890756,0.332620320855615
"523","classif.multinom",0.734065934065934,0.332620320855615
"524","classif.multinom",0.732758620689655,0.332620320855615
"525","classif.multinom",0.677777777777778,0.332620320855615
"526","classif.multinom",0.808080808080808,0.332620320855615
"527","classif.multinom",0.808743169398907,0.332620320855615
"528","classif.multinom",0.822652757078987,0.332620320855615
"529","classif.multinom",0.860696517412935,0.332620320855615
"530","classif.multinom",0.853475935828877,0.332620320855615
"531","classif.multinom",0.830078125,0.332620320855615
"532","classif.multinom",0.795321637426901,0.332620320855615
"533","classif.multinom",0.666666666666667,0.332620320855615
"534","classif.multinom",0.771008403361345,0.332620320855615
"535","classif.multinom",0.843956043956044,0.332620320855615
"536","classif.multinom",0.786140089418778,0.332620320855615
"537","classif.multinom",0.697222222222222,0.332620320855615
"538","classif.multinom",0.722222222222222,0.332620320855615
"539","classif.multinom",0.830078125,0.332620320855615
"540","classif.multinom",0.746031746031746,0.332620320855615
"541","classif.multinom",0.70193740685544,0.332620320855615
"542","classif.multinom",0.804166666666667,0.332620320855615
"543","classif.multinom",0.810344827586207,0.332620320855615
"544","classif.multinom",0.853968253968254,0.332620320855615
"545","classif.multinom",0.677011494252874,0.332620320855615
"546","classif.multinom",0.806349206349206,0.332620320855615
"547","classif.multinom",0.78515625,0.332620320855615
"548","classif.multinom",0.673721340388007,0.332620320855615
"549","classif.multinom",0.870925684485007,0.332620320855615
"550","classif.multinom",0.751953125,0.332620320855615
"551","classif.multinom",0.866129032258064,0.332620320855615
"552","classif.multinom",0.771929824561403,0.332620320855615
"553","classif.multinom",0.546875,0.332620320855615
"554","classif.multinom",0.731609195402299,0.332620320855615
"555","classif.multinom",0.747368421052632,0.332620320855615
"556","classif.multinom",0.739583333333333,0.332620320855615
"557","classif.multinom",0.831719128329298,0.332620320855615
"558","classif.multinom",0.861328125,0.332620320855615
"559","classif.multinom",0.75,0.332620320855615
"560","classif.multinom",0.845588235294118,0.332620320855615
"561","classif.multinom",0.74384236453202,0.332620320855615
"562","classif.multinom",0.83859649122807,0.332620320855615
"563","classif.multinom",0.720982142857143,0.332620320855615
"564","classif.multinom",0.770562770562771,0.332620320855615
"565","classif.multinom",0.848351648351648,0.332620320855615
"566","classif.multinom",0.746031746031746,0.332620320855615
"567","classif.multinom",0.72663139329806,0.332620320855615
"568","classif.multinom",0.788251366120219,0.332620320855615
"569","classif.multinom",0.860919540229885,0.332620320855615
"570","classif.multinom",0.593434343434343,0.332620320855615
"571","classif.multinom",0.698087431693989,0.332620320855615
"572","classif.multinom",0.741071428571429,0.332620320855615
"573","classif.multinom",0.832451499118166,0.332620320855615
"574","classif.multinom",0.8,0.332620320855615
"575","classif.multinom",0.755223880597015,0.332620320855615
"576","classif.multinom",0.833333333333333,0.332620320855615
"577","classif.multinom",0.681818181818182,0.332620320855615
"578","classif.multinom",0.750977835723598,0.332620320855615
"579","classif.multinom",0.88135593220339,0.332620320855615
"580","classif.multinom",0.742175856929955,0.332620320855615
"581","classif.multinom",0.701098901098901,0.332620320855615
"582","classif.multinom",0.705555555555556,0.332620320855615
"583","classif.multinom",0.838541666666667,0.332620320855615
"584","classif.multinom",0.794336810730253,0.332620320855615
"585","classif.multinom",0.801912568306011,0.332620320855615
"586","classif.multinom",0.810109289617486,0.332620320855615
"587","classif.multinom",0.697466467958271,0.332620320855615
"588","classif.multinom",0.782887700534759,0.332620320855615
"589","classif.multinom",0.809722222222222,0.332620320855615
"590","classif.multinom",0.76043956043956,0.332620320855615
"591","classif.multinom",0.763709677419355,0.332620320855615
"592","classif.multinom",0.80952380952381,0.332620320855615
"593","classif.multinom",0.72258064516129,0.332620320855615
"594","classif.multinom",0.809113300492611,0.332620320855615
"595","classif.multinom",0.822641509433962,0.332620320855615
"596","classif.multinom",0.591530054644809,0.332620320855615
"597","classif.multinom",0.838095238095238,0.332620320855615
"598","classif.multinom",0.75,0.332620320855615
"599","classif.multinom",0.818342151675485,0.332620320855615
"600","classif.multinom",0.848484848484849,0.332620320855615
"601","classif.probit",0.810526315789474,0.332620320855615
"602","classif.probit",0.631076388888889,0.332620320855615
"603","classif.probit",0.751388888888889,0.332620320855615
"604","classif.probit",0.550961538461539,0.332620320855615
"605","classif.probit",0.909722222222222,0.332620320855615
"606","classif.probit",0.809677419354839,0.332620320855615
"607","classif.probit",0.777777777777778,0.332620320855615
"608","classif.probit",0.858333333333333,0.332620320855615
"609","classif.probit",0.795833333333333,0.332620320855615
"610","classif.probit",0.70193740685544,0.332620320855615
"611","classif.probit",0.879166666666667,0.332620320855615
"612","classif.probit",0.732142857142857,0.332620320855615
"613","classif.probit",0.756451612903226,0.332620320855615
"614","classif.probit",0.633680555555556,0.332620320855615
"615","classif.probit",0.756696428571429,0.332620320855615
"616","classif.probit",0.784615384615385,0.332620320855615
"617","classif.probit",0.713768115942029,0.332620320855615
"618","classif.probit",0.81140350877193,0.332620320855615
"619","classif.probit",0.667741935483871,0.332620320855615
"620","classif.probit",0.861290322580645,0.332620320855615
"621","classif.probit",0.792982456140351,0.332620320855615
"622","classif.probit",0.822685788787484,0.332620320855615
"623","classif.probit",0.796875,0.332620320855615
"624","classif.probit",0.724609375,0.332620320855615
"625","classif.probit",0.662109375,0.332620320855615
"626","classif.probit",0.610229276895944,0.332620320855615
"627","classif.probit",0.763546798029557,0.332620320855615
"628","classif.probit",0.85655737704918,0.332620320855615
"629","classif.probit",0.737179487179487,0.332620320855615
"630","classif.probit",0.871428571428571,0.332620320855615
"631","classif.probit",0.749674054758801,0.332620320855615
"632","classif.probit",0.888888888888889,0.332620320855615
"633","classif.probit",0.818359375,0.332620320855615
"634","classif.probit",0.740234375,0.332620320855615
"635","classif.probit",0.835483870967742,0.332620320855615
"636","classif.probit",0.715972222222222,0.332620320855615
"637","classif.probit",0.775210084033613,0.332620320855615
"638","classif.probit",0.761904761904762,0.332620320855615
"639","classif.probit",0.635593220338983,0.332620320855615
"640","classif.probit",0.819354838709677,0.332620320855615
"641","classif.probit",0.840322580645161,0.332620320855615
"642","classif.probit",0.728142076502732,0.332620320855615
"643","classif.probit",0.715384615384615,0.332620320855615
"644","classif.probit",0.820823244552058,0.332620320855615
"645","classif.probit",0.866129032258064,0.332620320855615
"646","classif.probit",0.717079530638853,0.332620320855615
"647","classif.probit",0.739858906525573,0.332620320855615
"648","classif.probit",0.828571428571429,0.332620320855615
"649","classif.probit",0.824143070044709,0.332620320855615
"650","classif.probit",0.709388971684054,0.332620320855615
"651","classif.probit",0.719444444444444,0.332620320855615
"652","classif.probit",0.81877444589309,0.332620320855615
"653","classif.probit",0.856929955290611,0.332620320855615
"654","classif.probit",0.736979166666667,0.332620320855615
"655","classif.probit",0.771484375,0.332620320855615
"656","classif.probit",0.774603174603175,0.332620320855615
"657","classif.probit",0.713450292397661,0.332620320855615
"658","classif.probit",0.839046199701937,0.332620320855615
"659","classif.probit",0.833870967741935,0.332620320855615
"660","classif.probit",0.690615835777126,0.332620320855615
"661","classif.probit",0.8125,0.332620320855615
"662","classif.probit",0.812220566318927,0.332620320855615
"663","classif.probit",0.713888888888889,0.332620320855615
"664","classif.probit",0.787096774193548,0.332620320855615
"665","classif.probit",0.546717171717172,0.332620320855615
"666","classif.probit",0.715775749674055,0.332620320855615
"667","classif.probit",0.768973214285714,0.332620320855615
"668","classif.probit",0.742857142857143,0.332620320855615
"669","classif.probit",0.859615384615385,0.332620320855615
"670","classif.probit",0.869140625,0.332620320855615
"671","classif.probit",0.841025641025641,0.332620320855615
"672","classif.probit",0.714506172839506,0.332620320855615
"673","classif.probit",0.845486111111111,0.332620320855615
"674","classif.probit",0.611111111111111,0.332620320855615
"675","classif.probit",0.761549925484352,0.332620320855615
"676","classif.probit",0.7275390625,0.332620320855615
"677","classif.probit",0.885630498533724,0.332620320855615
"678","classif.probit",0.78748370273794,0.332620320855615
"679","classif.probit",0.719821162444113,0.332620320855615
"680","classif.probit",0.883870967741936,0.332620320855615
"681","classif.probit",0.852747252747253,0.332620320855615
"682","classif.probit",0.787390029325513,0.332620320855615
"683","classif.probit",0.745156482861401,0.332620320855615
"684","classif.probit",0.730555555555556,0.332620320855615
"685","classif.probit",0.710879284649776,0.332620320855615
"686","classif.probit",0.828205128205128,0.332620320855615
"687","classif.probit",0.792763157894737,0.332620320855615
"688","classif.probit",0.807638888888889,0.332620320855615
"689","classif.probit",0.544776119402985,0.332620320855615
"690","classif.probit",0.801388888888889,0.332620320855615
"691","classif.probit",0.898907103825137,0.332620320855615
"692","classif.probit",0.837742504409171,0.332620320855615
"693","classif.probit",0.691666666666667,0.332620320855615
"694","classif.probit",0.745989304812834,0.332620320855615
"695","classif.probit",0.618055555555556,0.332620320855615
"696","classif.probit",0.857771260997067,0.332620320855615
"697","classif.probit",0.797222222222222,0.332620320855615
"698","classif.probit",0.680952380952381,0.332620320855615
"699","classif.probit",0.857421875,0.332620320855615
"700","classif.probit",0.775824175824176,0.332620320855615
"701","classif.lda",0.705078125,0.332620320855615
"702","classif.lda",0.773224043715847,0.332620320855615
"703","classif.lda",0.688524590163934,0.332620320855615
"704","classif.lda",0.865871833084948,0.332620320855615
"705","classif.lda",0.891414141414141,0.332620320855615
"706","classif.lda",0.76099706744868,0.332620320855615
"707","classif.lda",0.804166666666667,0.332620320855615
"708","classif.lda",0.846497764530551,0.332620320855615
"709","classif.lda",0.792846497764531,0.332620320855615
"710","classif.lda",0.684151785714286,0.332620320855615
"711","classif.lda",0.782417582417582,0.332620320855615
"712","classif.lda",0.786885245901639,0.332620320855615
"713","classif.lda",0.800298062593145,0.332620320855615
"714","classif.lda",0.785897435897436,0.332620320855615
"715","classif.lda",0.798941798941799,0.332620320855615
"716","classif.lda",0.6953125,0.332620320855615
"717","classif.lda",0.782786885245902,0.332620320855615
"718","classif.lda",0.680555555555556,0.332620320855615
"719","classif.lda",0.808187134502924,0.332620320855615
"720","classif.lda",0.823770491803279,0.332620320855615
"721","classif.lda",0.830769230769231,0.332620320855615
"722","classif.lda",0.786111111111111,0.332620320855615
"723","classif.lda",0.828817733990148,0.332620320855615
"724","classif.lda",0.758377425044092,0.332620320855615
"725","classif.lda",0.788709677419355,0.332620320855615
"726","classif.lda",0.677011494252874,0.332620320855615
"727","classif.lda",0.738505747126437,0.332620320855615
"728","classif.lda",0.882539682539683,0.332620320855615
"729","classif.lda",0.774193548387097,0.332620320855615
"730","classif.lda",0.798828125,0.332620320855615
"731","classif.lda",0.7578125,0.332620320855615
"732","classif.lda",0.818390804597701,0.332620320855615
"733","classif.lda",0.794372294372294,0.332620320855615
"734","classif.lda",0.798029556650246,0.332620320855615
"735","classif.lda",0.690322580645161,0.332620320855615
"736","classif.lda",0.736338797814208,0.332620320855615
"737","classif.lda",0.791356184798808,0.332620320855615
"738","classif.lda",0.811287477954145,0.332620320855615
"739","classif.lda",0.697222222222222,0.332620320855615
"740","classif.lda",0.822222222222222,0.332620320855615
"741","classif.lda",0.770512820512821,0.332620320855615
"742","classif.lda",0.651612903225806,0.332620320855615
"743","classif.lda",0.7578125,0.332620320855615
"744","classif.lda",0.912698412698413,0.332620320855615
"745","classif.lda",0.79296875,0.332620320855615
"746","classif.lda",0.721794871794872,0.332620320855615
"747","classif.lda",0.694444444444444,0.332620320855615
"748","classif.lda",0.81305114638448,0.332620320855615
"749","classif.lda",0.717980295566502,0.332620320855615
"750","classif.lda",0.890482398956975,0.332620320855615
"751","classif.lda",0.858420268256334,0.332620320855615
"752","classif.lda",0.794152046783626,0.332620320855615
"753","classif.lda",0.756944444444444,0.332620320855615
"754","classif.lda",0.728515625,0.332620320855615
"755","classif.lda",0.685960591133005,0.332620320855615
"756","classif.lda",0.76953125,0.332620320855615
"757","classif.lda",0.715384615384615,0.332620320855615
"758","classif.lda",0.765277777777778,0.332620320855615
"759","classif.lda",0.810405643738977,0.332620320855615
"760","classif.lda",0.863636363636364,0.332620320855615
"761","classif.lda",0.8,0.332620320855615
"762","classif.lda",0.847988077496274,0.332620320855615
"763","classif.lda",0.819444444444444,0.332620320855615
"764","classif.lda",0.717585692995529,0.332620320855615
"765","classif.lda",0.776041666666667,0.332620320855615
"766","classif.lda",0.764778325123153,0.332620320855615
"767","classif.lda",0.653968253968254,0.332620320855615
"768","classif.lda",0.806650246305419,0.332620320855615
"769","classif.lda",0.895833333333333,0.332620320855615
"770","classif.lda",0.659713168187745,0.332620320855615
"771","classif.lda",0.894117647058824,0.332620320855615
"772","classif.lda",0.796774193548387,0.332620320855615
"773","classif.lda",0.859375,0.332620320855615
"774","classif.lda",0.841796875,0.332620320855615
"775","classif.lda",0.791935483870968,0.332620320855615
"776","classif.lda",0.755541069100391,0.332620320855615
"777","classif.lda",0.779166666666667,0.332620320855615
"778","classif.lda",0.767948717948718,0.332620320855615
"779","classif.lda",0.656084656084656,0.332620320855615
"780","classif.lda",0.644097222222222,0.332620320855615
"781","classif.lda",0.806451612903226,0.332620320855615
"782","classif.lda",0.759852216748768,0.332620320855615
"783","classif.lda",0.827123695976155,0.332620320855615
"784","classif.lda",0.659722222222222,0.332620320855615
"785","classif.lda",0.814285714285714,0.332620320855615
"786","classif.lda",0.686868686868687,0.332620320855615
"787","classif.lda",0.8122555410691,0.332620320855615
"788","classif.lda",0.770491803278688,0.332620320855615
"789","classif.lda",0.865102639296188,0.332620320855615
"790","classif.lda",0.75906432748538,0.332620320855615
"791","classif.lda",0.664102564102564,0.332620320855615
"792","classif.lda",0.800298062593145,0.332620320855615
"793","classif.lda",0.703174603174603,0.332620320855615
"794","classif.lda",0.868318122555411,0.332620320855615
"795","classif.lda",0.801932367149758,0.332620320855615
"796","classif.lda",0.756578947368421,0.332620320855615
"797","classif.lda",0.7875,0.332620320855615
"798","classif.lda",0.808791208791209,0.332620320855615
"799","classif.lda",0.687779433681073,0.332620320855615
"800","classif.lda",0.859605911330049,0.332620320855615
"801","classif.ksvm",0.564676616915423,0.332620320855615
"802","classif.ksvm",0.695833333333333,0.332620320855615
"803","classif.ksvm",0.66796875,0.332620320855615
"804","classif.ksvm",0.713114754098361,0.332620320855615
"805","classif.ksvm",0.49273607748184,0.332620320855615
"806","classif.ksvm",0.601043024771838,0.332620320855615
"807","classif.ksvm",0.621460506706408,0.332620320855615
"808","classif.ksvm",0.754838709677419,0.332620320855615
"809","classif.ksvm",0.772222222222222,0.332620320855615
"810","classif.ksvm",0.727083333333333,0.332620320855615
"811","classif.ksvm",0.590534979423868,0.332620320855615
"812","classif.ksvm",0.573626373626374,0.332620320855615
"813","classif.ksvm",0.566137566137566,0.332620320855615
"814","classif.ksvm",0.709016393442623,0.332620320855615
"815","classif.ksvm",0.800705467372134,0.332620320855615
"816","classif.ksvm",0.633004926108374,0.332620320855615
"817","classif.ksvm",0.792857142857143,0.332620320855615
"818","classif.ksvm",0.617741935483871,0.332620320855615
"819","classif.ksvm",0.576190476190476,0.332620320855615
"820","classif.ksvm",0.77645305514158,0.332620320855615
"821","classif.ksvm",0.68359375,0.332620320855615
"822","classif.ksvm",0.685788787483703,0.332620320855615
"823","classif.ksvm",0.494871794871795,0.332620320855615
"824","classif.ksvm",0.713888888888889,0.332620320855615
"825","classif.ksvm",0.893034825870647,0.332620320855615
"826","classif.ksvm",0.670640834575261,0.332620320855615
"827","classif.ksvm",0.685714285714286,0.332620320855615
"828","classif.ksvm",0.378096479791395,0.332620320855615
"829","classif.ksvm",0.786458333333333,0.332620320855615
"830","classif.ksvm",0.588477366255144,0.332620320855615
"831","classif.ksvm",0.613300492610837,0.332620320855615
"832","classif.ksvm",0.802951388888889,0.332620320855615
"833","classif.ksvm",0.69361147327249,0.332620320855615
"834","classif.ksvm",0.631034482758621,0.332620320855615
"835","classif.ksvm",0.708128078817734,0.332620320855615
"836","classif.ksvm",0.611111111111111,0.332620320855615
"837","classif.ksvm",0.703427719821162,0.332620320855615
"838","classif.ksvm",0.677734375,0.332620320855615
"839","classif.ksvm",0.680776014109347,0.332620320855615
"840","classif.ksvm",0.584615384615385,0.332620320855615
"841","classif.ksvm",0.586206896551724,0.332620320855615
"842","classif.ksvm",0.655172413793103,0.332620320855615
"843","classif.ksvm",0.679269882659713,0.332620320855615
"844","classif.ksvm",0.630769230769231,0.332620320855615
"845","classif.ksvm",0.738977072310406,0.332620320855615
"846","classif.ksvm",0.802734375,0.332620320855615
"847","classif.ksvm",0.661698956780924,0.332620320855615
"848","classif.ksvm",0.543055555555556,0.332620320855615
"849","classif.ksvm",0.564236111111111,0.332620320855615
"850","classif.ksvm",0.637978142076503,0.332620320855615
"851","classif.ksvm",0.854945054945055,0.332620320855615
"852","classif.ksvm",0.638447971781305,0.332620320855615
"853","classif.ksvm",0.853225806451613,0.332620320855615
"854","classif.ksvm",0.677777777777778,0.332620320855615
"855","classif.ksvm",0.352272727272727,0.332620320855615
"856","classif.ksvm",0.527777777777778,0.332620320855615
"857","classif.ksvm",0.590277777777778,0.332620320855615
"858","classif.ksvm",0.614141414141414,0.332620320855615
"859","classif.ksvm",0.61698956780924,0.332620320855615
"860","classif.ksvm",0.684210526315789,0.332620320855615
"861","classif.ksvm",0.610169491525424,0.332620320855615
"862","classif.ksvm",0.746848739495798,0.332620320855615
"863","classif.ksvm",0.585537918871252,0.332620320855615
"864","classif.ksvm",0.833084947839046,0.332620320855615
"865","classif.ksvm",0.708984375,0.332620320855615
"866","classif.ksvm",0.652492668621701,0.332620320855615
"867","classif.ksvm",0.653940886699507,0.332620320855615
"868","classif.ksvm",0.644088669950739,0.332620320855615
"869","classif.ksvm",0.346268656716418,0.332620320855615
"870","classif.ksvm",0.561538461538462,0.332620320855615
"871","classif.ksvm",0.697222222222222,0.332620320855615
"872","classif.ksvm",0.774269005847953,0.332620320855615
"873","classif.ksvm",0.7336860670194,0.332620320855615
"874","classif.ksvm",0.6,0.332620320855615
"875","classif.ksvm",0.5,0.332620320855615
"876","classif.ksvm",0.711111111111111,0.332620320855615
"877","classif.ksvm",0.711290322580645,0.332620320855615
"878","classif.ksvm",0.465608465608466,0.332620320855615
"879","classif.ksvm",0.62316715542522,0.332620320855615
"880","classif.ksvm",0.537918871252205,0.332620320855615
"881","classif.ksvm",0.634722222222222,0.332620320855615
"882","classif.ksvm",0.688461538461538,0.332620320855615
"883","classif.ksvm",0.644827586206897,0.332620320855615
"884","classif.ksvm",0.600409836065574,0.332620320855615
"885","classif.ksvm",0.691358024691358,0.332620320855615
"886","classif.ksvm",0.728515625,0.332620320855615
"887","classif.ksvm",0.416225749559083,0.332620320855615
"888","classif.ksvm",0.773472429210134,0.332620320855615
"889","classif.ksvm",0.637096774193548,0.332620320855615
"890","classif.ksvm",0.870342771982116,0.332620320855615
"891","classif.ksvm",0.786458333333333,0.332620320855615
"892","classif.ksvm",0.762463343108504,0.332620320855615
"893","classif.ksvm",0.591935483870968,0.332620320855615
"894","classif.ksvm",0.627865961199294,0.332620320855615
"895","classif.ksvm",0.678205128205128,0.332620320855615
"896","classif.ksvm",0.722946544980443,0.332620320855615
"897","classif.ksvm",0.412903225806452,0.332620320855615
"898","classif.ksvm",0.683497536945813,0.332620320855615
"899","classif.ksvm",0.758333333333333,0.332620320855615
"900","classif.ksvm",0.520282186948854,0.332620320855615
"901","classif.mlp",0.67032967032967,0.332620320855615
"902","classif.mlp",0.686567164179104,0.332620320855615
"903","classif.mlp",0.758284600389864,0.332620320855615
"904","classif.mlp",0.690270935960591,0.332620320855615
"905","classif.mlp",0.603174603174603,0.332620320855615
"906","classif.mlp",0.634897360703812,0.332620320855615
"907","classif.mlp",0.385245901639344,0.332620320855615
"908","classif.mlp",0.707627118644068,0.332620320855615
"909","classif.mlp",0.387096774193548,0.332620320855615
"910","classif.mlp",0.330645161290323,0.332620320855615
"911","classif.mlp",0.743506493506494,0.332620320855615
"912","classif.mlp",0.384615384615385,0.332620320855615
"913","classif.mlp",0.531944444444444,0.332620320855615
"914","classif.mlp",0.710416666666667,0.332620320855615
"915","classif.mlp",0.781420765027322,0.332620320855615
"916","classif.mlp",0.4375,0.332620320855615
"917","classif.mlp",0.742361111111111,0.332620320855615
"918","classif.mlp",0.499254843517139,0.332620320855615
"919","classif.mlp",0.663356504468719,0.332620320855615
"920","classif.mlp",0.682539682539683,0.332620320855615
"921","classif.mlp",0.701388888888889,0.332620320855615
"922","classif.mlp",0.731743666169896,0.332620320855615
"923","classif.mlp",0.545566502463054,0.332620320855615
"924","classif.mlp",0.578846153846154,0.332620320855615
"925","classif.mlp",0.669491525423729,0.332620320855615
"926","classif.mlp",0.697466467958271,0.332620320855615
"927","classif.mlp",0.714516129032258,0.332620320855615
"928","classif.mlp",0.816166883963494,0.332620320855615
"929","classif.mlp",0.753846153846154,0.332620320855615
"930","classif.mlp",0.73968253968254,0.332620320855615
"931","classif.mlp",0.730902777777778,0.332620320855615
"932","classif.mlp",0.672222222222222,0.332620320855615
"933","classif.mlp",0.279807692307692,0.332620320855615
"934","classif.mlp",0.644808743169399,0.332620320855615
"935","classif.mlp",0.319672131147541,0.332620320855615
"936","classif.mlp",0.460234680573664,0.332620320855615
"937","classif.mlp",0.569230769230769,0.332620320855615
"938","classif.mlp",0.493226600985222,0.332620320855615
"939","classif.mlp",0.758208955223881,0.332620320855615
"940","classif.mlp",0.709036742800397,0.332620320855615
"941","classif.mlp",0.588673621460507,0.332620320855615
"942","classif.mlp",0.713760504201681,0.332620320855615
"943","classif.mlp",0.76043956043956,0.332620320855615
"944","classif.mlp",0.737301587301587,0.332620320855615
"945","classif.mlp",0.761904761904762,0.332620320855615
"946","classif.mlp",0.754098360655738,0.332620320855615
"947","classif.mlp",0.410934744268078,0.332620320855615
"948","classif.mlp",0.631451612903226,0.332620320855615
"949","classif.mlp",0.62109375,0.332620320855615
"950","classif.mlp",0.397707231040564,0.332620320855615
"951","classif.mlp",0.722916666666667,0.332620320855615
"952","classif.mlp",0.713114754098361,0.332620320855615
"953","classif.mlp",0.545161290322581,0.332620320855615
"954","classif.mlp",0.678571428571429,0.332620320855615
"955","classif.mlp",0.714285714285714,0.332620320855615
"956","classif.mlp",0.530128205128205,0.332620320855615
"957","classif.mlp",0.682638888888889,0.332620320855615
"958","classif.mlp",0.630750605326877,0.332620320855615
"959","classif.mlp",0.668405365126677,0.332620320855615
"960","classif.mlp",0.34375,0.332620320855615
"961","classif.mlp",0.634897360703812,0.332620320855615
"962","classif.mlp",0.75,0.332620320855615
"963","classif.mlp",0.790091264667536,0.332620320855615
"964","classif.mlp",0.688770053475936,0.332620320855615
"965","classif.mlp",0.440026075619296,0.332620320855615
"966","classif.mlp",0.716935483870968,0.332620320855615
"967","classif.mlp",0.654032258064516,0.332620320855615
"968","classif.mlp",0.5185546875,0.332620320855615
"969","classif.mlp",0.682539682539683,0.332620320855615
"970","classif.mlp",0.7421875,0.332620320855615
"971","classif.mlp",0.650586701434159,0.332620320855615
"972","classif.mlp",0.761029411764706,0.332620320855615
"973","classif.mlp",0.647619047619048,0.332620320855615
"974","classif.mlp",0.323733862959285,0.332620320855615
"975","classif.mlp",0.693406593406593,0.332620320855615
"976","classif.mlp",0.340909090909091,0.332620320855615
"977","classif.mlp",0.484354628422425,0.332620320855615
"978","classif.mlp",0.735221674876847,0.332620320855615
"979","classif.mlp",0.764705882352941,0.332620320855615
"980","classif.mlp",0.611940298507463,0.332620320855615
"981","classif.mlp",0.70012315270936,0.332620320855615
"982","classif.mlp",0.410576923076923,0.332620320855615
"983","classif.mlp",0.73015873015873,0.332620320855615
"984","classif.mlp",0.474038461538462,0.332620320855615
"985","classif.mlp",0.706944444444444,0.332620320855615
"986","classif.mlp",0.690374331550802,0.332620320855615
"987","classif.mlp",0.775749674054759,0.332620320855615
"988","classif.mlp",0.407986111111111,0.332620320855615
"989","classif.mlp",0.783068783068783,0.332620320855615
"990","classif.mlp",0.709388971684054,0.332620320855615
"991","classif.mlp",0.633431085043988,0.332620320855615
"992","classif.mlp",0.705467372134039,0.332620320855615
"993","classif.mlp",0.784722222222222,0.332620320855615
"994","classif.mlp",0.656482861400894,0.332620320855615
"995","classif.mlp",0.675544794188862,0.332620320855615
"996","classif.mlp",0.65625,0.332620320855615
"997","classif.mlp",0.466935483870968,0.332620320855615
"998","classif.mlp",0.30952380952381,0.332620320855615
"999","classif.mlp",0.489397321428571,0.332620320855615
"1000","classif.mlp",0.366362451108214,0.332620320855615
